{
  "model": "AttentiveFP",
  "n_tasks": 1,
  "in_node_feats": 104,
  "in_edge_feats": 79,
  "lr": 0.005814832419973607,
  "weight_decay": 0.00011079938574347915,
  "patience": 15,
  "batch_size": 256,
  "num_layers": 3,
  "num_timesteps": 1,
  "graph_feat_size": 16,
  "dropout": 0.3468106415848409
}