{
  "model": "GCN",
  "n_tasks": 1,
  "in_node_feats": 104,
  "in_edge_feats": 79,
  "lr": 0.003574686439241103,
  "weight_decay": 0.00035267154908121673,
  "patience": 15,
  "batch_size": 256,
  "dropout": 0.030992988373165983,
  "gnn_hidden_feats": 256,
  "predictor_hidden_feats": 64,
  "num_gnn_layers": 5,
  "residual": true,
  "batchnorm": true
}